,count,mean,std,min,25%,50%,75%,max,missing_percentage
0,1567.0,3014.4415507338863,73.48084148327709,2743.24,2966.665,3011.49,3056.54,3356.35,0.0
1,1567.0,2495.8661104020425,80.22814344770214,2158.75,2452.885,2499.405,2538.745,2846.44,0.0
2,1567.0,2200.5519580089344,29.380973145346278,2060.66,2181.09995,2201.0667,2218.0555,2315.2667,0.0
3,1567.0,1395.383474090619,439.83732987368955,0.0,1083.8858,1285.2144,1590.1699,3715.0417,0.0
4,1567.0,4.171280536056158,56.103721045979704,0.6815,1.0177,1.3168,1.5188,1114.5366,0.0
5,1567.0,100.0,0.0,100.0,100.0,100.0,100.0,100.0,0.0
6,1567.0,101.11647562220804,6.209384678924416,82.1311,97.9378,101.5122,104.53,129.2522,0.0
7,1567.0,0.12182482450542437,0.008935637045227826,0.0,0.1211,0.1224,0.1238,0.1286,0.0
8,1567.0,1.4628600510529675,0.07384937208148819,1.191,1.41125,1.4616,1.5168499999999998,1.6564,0.0
9,1567.0,-0.0008416081684747925,0.01510654259204253,-0.0534,-0.0108,-0.0013,0.0084,0.0749,0.0
10,1567.0,0.00014607530312699425,0.0092961675648662,-0.0349,-0.0056,0.0004,0.0059,0.053,0.0
11,1567.0,0.9643546266751756,0.012444205080054747,0.6554,0.9581,0.9658,0.9713,0.9848,0.0
12,1567.0,199.95627166560305,3.2552297703980186,182.094,198.13094999999998,199.5356,202.00675,272.0451,0.0
13,1567.0,0.0,0.0,0.0,0.0,0.0,0.0,0.0,0.0
14,1567.0,9.005297064454373,2.7939160590053307,2.2493,7.09675,8.966999999999999,10.858699999999999,19.5465,0.0
15,1567.0,413.08437568602426,17.204633118260205,333.4486,406.131,412.2191,419.0828,824.9271,0.0
16,1567.0,9.9074958838545,2.4015642182558303,4.4696,9.56855,9.85175,10.12775,102.8677,0.0
17,1567.0,0.9714461391193363,0.012050959118326047,0.5794,0.96825,0.9726,0.9768,0.9848,0.0
18,1567.0,190.04662003828972,2.77842612013557,169.1774,188.30065000000002,189.6642,192.1789,215.5977,0.0
19,1567.0,12.481152456924061,0.2172732486756352,9.8773,12.46,12.4996,12.5471,12.9898,0.0
20,1567.0,1.4050542437779197,0.01673693251882698,1.1797,1.3965,1.406,1.415,1.4534,0.0
21,1567.0,-5618.2721761327375,626.4309968772155,-7150.25,-5932.625,-5523.25,-5356.625,0.0,0.0
22,1567.0,2699.3332801531587,295.31248089264807,0.0,2578.125,2664.0,2840.625,3656.25,0.0
23,1567.0,-3806.3181768985323,1379.280633188013,-9986.75,-4370.625,-3820.75,-3356.375,2363.0,0.0
24,1567.0,-298.31753841735804,2900.846581734937,-14804.5,-1474.375,-78.75,1376.25,14106.0,0.0
25,1567.0,1.2039457562220806,0.1775095414651322,0.0,1.0949,1.283,1.3043,1.3828,0.0
26,1567.0,1.9385380982769624,0.18938177014445665,0.0,1.9067500000000002,1.9865,2.0032,2.0528,0.0
27,1567.0,6.639427058072751,1.2436554974161231,0.0,5.26735,7.2647,7.3296,7.6588,0.0
28,1567.0,69.49909336311424,3.4589918369285066,59.4,67.38335000000001,69.1556,72.25555,77.9,0.0
29,1567.0,2.3662122527121885,0.4084333496126741,0.6667,2.0889,2.3778,2.6556,3.5111,0.0
30,1567.0,0.18416215698787494,0.03292302437180282,0.0341,0.1618,0.1867,0.20700000000000002,0.2851,0.0
31,1567.0,3.672880280791321,0.5350498037719444,2.0698,3.3627,3.431,3.53125,4.8044,0.0
32,1567.0,85.33733978940651,2.025908483927663,83.1829,84.4905,85.13544999999999,85.7419,105.6038,0.0
33,1567.0,8.960156987874921,1.3440356473573039,7.6032,8.58,8.7698,9.0606,23.3453,0.0
34,1567.0,50.58251971920868,1.182249884726818,49.8348,50.2529,50.3964,50.578100000000006,59.7711,0.0
35,1567.0,64.55553816209317,2.573945239307543,63.6774,64.0248,64.1658,64.3447,94.2641,0.0
36,1567.0,49.41748934269304,1.182250593737797,40.2289,49.421899999999994,49.6036,49.7471,50.1652,0.0
37,1567.0,66.22128028079133,0.3040437919245173,64.9193,66.04079999999999,66.23179999999999,66.34305,67.9586,0.0
38,1567.0,86.8365664326739,0.4466130973726601,84.7327,86.5783,86.8207,87.0024,88.4188,0.0
39,1567.0,118.67937555839183,1.8066576198035016,111.7128,118.0156,118.3993,118.9396,133.3898,0.0
40,1567.0,68.06396617740907,23.911897381751352,1.434,74.84,78.29,80.18,86.12,0.0
41,1567.0,3.3487920229738353,2.342518470809943,-0.0759,2.699,3.074,3.515,37.88,0.0
42,1567.0,70.0,0.0,70.0,70.0,70.0,70.0,70.0,0.0
43,1567.0,355.53774339502235,6.232884432440088,342.7545,350.80225,353.72090000000003,360.7718,377.2973,0.0
44,1567.0,10.031167358008934,0.17498172419231908,9.464,9.92545,10.03485,10.15245,11.053,0.0
45,1567.0,136.74284084237397,7.846745694679055,108.8464,130.73045000000002,136.4,142.09095000000002,176.3136,0.0
46,1567.0,733.6726693044035,12.166429590611882,699.8139,724.444,733.45,741.4495,789.7523,0.0
47,1567.0,1.1780047543075942,0.18958534016382225,0.4967,0.985,1.25105,1.3402,1.5111,0.0
48,1567.0,139.97225357370772,4.5228062424600814,125.7982,136.93,140.00775,143.1941,163.2509,0.0
49,1567.0,1.0,0.0,1.0,1.0,1.0,1.0,1.0,0.0
50,1567.0,632.2536330567964,8.641253849912383,607.3927,625.92865,631.3709,638.12815,667.7418,0.0
51,1567.0,157.43751790044672,60.90916614804753,40.2614,115.53745,183.31815,206.9767,258.5432,0.0
52,1567.0,0.0,0.0,0.0,0.0,0.0,0.0,0.0,0.0
53,1567.0,4.592978940650926,0.054879609937316026,3.706,4.574,4.596,4.617,4.764,0.0
54,1567.0,4.8385341416719845,0.0595049603705243,3.932,4.816,4.843,4.869,5.011,0.0
55,1567.0,2856.166560306318,25.716644477212377,2801.0,2836.0,2854.0,2874.0,2936.0,0.0
56,1567.0,0.9288548181238034,0.006799528621779175,0.8755,0.9255,0.931,0.9331,0.9378,0.0
57,1567.0,0.9492152520740269,0.004170617703378429,0.9319,0.9467,0.9493,0.952,0.9598,0.0
58,1567.0,4.593259157626037,0.08499239642232263,4.2199,4.5319,4.5727,4.6686,4.8475,0.0
59,1567.0,2.9512491703892785,9.511839205445073,-28.9882,-1.85545,0.94725,4.3377,168.1455,0.0
60,1567.0,355.1538866624122,6.016916649066027,324.7145,350.60685,353.7991,359.66545,373.8664,0.0
61,1567.0,10.423194830887045,0.27435107141823495,9.4611,10.28405,10.4367,10.59055,11.7849,0.0
62,1567.0,116.50121640076578,8.612493674668189,81.49,112.05545000000001,116.2118,120.9182,287.1509,0.0
63,1567.0,13.986603988513084,7.104105749767816,1.6591,10.38365,13.24605,16.325499999999998,188.0923,0.0
64,1567.0,20.53978273771538,4.966451882637608,6.4482,17.3773,20.02135,22.79955,48.9882,0.0
65,1567.0,27.127927536694326,7.106005507269764,4.308,23.07445,26.26145,29.90735,118.0836,0.0
66,1567.0,706.6676999361838,11.600798138834607,632.4226,698.79655,706.4536,714.5210500000001,770.6084,0.0
67,1567.0,16.655186470963628,306.9141827970861,0.4137,0.8915,0.9783,1.0649,7272.8283,0.0
68,1567.0,147.43818921506065,4.231976103944821,87.0255,145.2423,147.5973,149.9359,167.8309,0.0
69,1567.0,1.0,0.0,1.0,1.0,1.0,1.0,1.0,0.0
70,1567.0,619.1014223994895,9.520899472298382,581.7773,612.78365,619.0327,625.16045,722.6018,0.0
71,1567.0,104.32242948308868,31.59138442426466,21.4332,87.5846,102.6043,115.4396,238.4775,0.0
74,1567.0,0.002677409061901723,0.10598617701949953,0.0,0.0,0.0,0.0,4.1955,0.0
75,1567.0,-0.006893809827696236,0.02212081031548392,-0.1049,-0.019200000000000002,-0.0063,0.0066,0.2315,0.0
76,1567.0,-0.029382961072112315,0.032947920853135186,-0.1862,-0.05135,-0.0289,-0.0069,0.0723,0.0
77,1567.0,-0.007085194639438417,0.031128916188366513,-0.1046,-0.0294,-0.0099,0.0089,0.1331,0.0
78,1567.0,-0.013625079770261644,0.047504254997732004,-0.3482,-0.0473,-0.0125,0.01205,0.2492,0.0
79,1567.0,0.0034145500957243136,0.022904800874534025,-0.0568,-0.0107,0.0006,0.0128,0.1013,0.0
80,1567.0,-0.01838021697511168,0.04886227789383753,-0.1437,-0.04295,-0.0087,0.0087,0.1186,0.0
81,1567.0,-0.021129546904913848,0.01689126864872534,-0.0982,-0.0271,-0.0196,-0.012150000000000001,0.0584,0.0
82,1567.0,0.006078557753669433,0.035797313800245305,-0.2129,-0.017349999999999997,0.0076,0.0268,0.1437,0.0
83,1567.0,7.452076419910657,0.516086673768209,5.8257,7.10435,7.467449999999999,7.80735,8.9904,0.0
84,1567.0,0.1331070835992342,0.005031919276391248,0.1174,0.1298,0.133,0.1363,0.1505,0.0
86,1567.0,2.4018715379706443,0.03733186120689418,2.2425,2.37685,2.4039,2.4286,2.5555,0.0
87,1567.0,0.982420293554563,0.012847842091247771,0.7749,0.9758,0.9874,0.9897,0.9935,0.0
88,1567.0,1807.8150211231653,53.53726220241346,1627.4714,1777.4703,1809.2492,1841.873,2105.1823,0.0
89,1567.0,0.18874869176770898,0.05151358743261433,0.1113,0.16975,0.1901,0.20015,1.4727,0.0
90,1567.0,8827.468460689215,389.8070416980108,7397.31,8578.56995,8825.435099999999,9055.259999999998,10746.6,0.0
91,1567.0,0.0024305041480536054,0.0875149479729674,-0.357,-0.04265,0.0,0.05035,0.3627,0.0
92,1567.0,0.0005067645181876197,0.0032289625923509146,-0.0126,-0.00115,0.0004,0.002,0.0281,0.0
93,1567.0,-0.0005400765794511806,0.0030079357779373714,-0.0171,-0.0016,-0.0002,0.001,0.0133,0.0
94,1567.0,-2.903637523931079e-05,0.00017381021366591834,-0.002,-0.0001,0.0,0.0001,0.0011,0.0
95,1567.0,5.979578813018507e-05,0.0001042737293549522,-0.0009,0.0,0.0,0.0001,0.0009,0.0
96,1567.0,0.017076005105296745,0.21915861640124198,-1.4803,-0.0884,0.0039,0.1212,2.5093,0.0
97,1567.0,0.0,0.0,0.0,0.0,0.0,0.0,0.0,0.0
98,1567.0,-0.01807319719208679,0.42629225615671695,-5.2717,-0.2173,0.0,0.18864999999999998,2.5698,0.0
99,1567.0,0.001534205488194002,0.0626201580421362,-0.5283,-0.0298,0.0,0.0298,0.8854,0.0
100,1567.0,-2.1186981493299304e-05,0.00035485736545496537,-0.003,-0.0002,0.0,0.0002,0.0023,0.0
101,1567.0,-7.211231652839822e-06,0.00022033950507861837,-0.0024,-0.0001,0.0,0.0001,0.0017,0.0
102,1567.0,0.0011103382259093813,0.06284695824979972,-0.5353,-0.0353,0.0,0.0336,0.2979,0.0
103,1567.0,-0.009789470325462667,0.0030626114555129943,-0.0329,-0.0118,-0.0101,-0.0082,0.0203,0.0
104,1567.0,-1.461391193363114e-05,0.0008501653889944813,-0.0119,-0.0004,0.0,0.0004,0.0071,0.0
105,1567.0,-0.0004967453733248245,0.003196241546948432,-0.0281,-0.0019,-0.0002,0.0011,0.0127,0.0
106,1567.0,0.0005382259093809828,0.0029822570532338872,-0.0133,-0.001,0.0002,0.0015500000000000002,0.0172,0.0
107,1567.0,-0.0017591576260370136,0.0873071065811422,-0.5226,-0.048350000000000004,0.0,0.048600000000000004,0.4856,0.0
108,1567.0,-0.010790172303765156,0.08659140686254711,-0.3454,-0.0644,-0.0112,0.03785,0.3938,0.0
113,1567.0,0.9454241863433311,0.01213287211602843,0.8534,0.9386,0.9464,0.9523,0.9763,0.0
114,1567.0,0.00012252712188895982,0.0016680941765185792,0.0,0.0,0.0,0.0,0.0414,0.0
115,1567.0,747.3837915762605,48.94924986407113,544.0254,721.023,750.8614,776.7818500000001,924.5318,0.0
116,1567.0,0.9871299298021697,0.0094965042399418,0.89,0.9895,0.9905,0.9909,0.9924,0.0
117,1567.0,58.62590791320995,6.48517445373113,52.8068,57.9783,58.5491,59.1339,311.7344,0.0
118,1567.0,0.5984206764518188,0.008039522030857896,0.5274,0.5942,0.599,0.6033,0.6245,0.0
119,1567.0,0.9707770899808551,0.00894856194452718,0.8411,0.9648,0.9694,0.9783,0.9827,0.0
120,1567.0,6.310863050414805,0.12430439087350695,5.1259,6.2464,6.3136,6.37585,7.522,0.0
121,1567.0,15.79638800255265,0.09933224077688639,15.46,15.73,15.79,15.86,16.07,0.0
122,1567.0,3.898266751754946,0.9015201311858985,1.671,3.202,3.877,4.392,6.889,0.0
123,1567.0,15.82966177409062,0.1080032422892885,15.17,15.77,15.83,15.9,16.1,0.0
124,1567.0,15.794620293554562,0.11382064792656067,15.43,15.73,15.78,15.87,16.1,0.0
125,1567.0,1.1847204850031907,0.2797644648738476,0.3122,0.9744,1.144,1.338,2.465,0.0
126,1567.0,2.7506381620931717,0.25274419780901375,2.34,2.574,2.735,2.873,3.991,0.0
127,1567.0,0.6485087428206764,0.13501982099944604,0.3161,0.5489,0.6539,0.7124,1.175,0.0
128,1567.0,3.192198468410976,0.2634144126553967,0.0,3.076,3.195,3.311,3.895,0.0
129,1567.0,-0.5518601148691767,1.2173656492956602,-3.779,-0.8988,-0.1419,0.0473,2.458,0.0
130,1567.0,0.7450555520102107,0.08230034922117214,0.4199,0.6887,0.75875,0.8145,0.8884,0.0
131,1567.0,0.9978080089342692,0.0022441042363657857,0.9936,0.9964,0.99775,0.9989,1.019,0.0
132,1567.0,2.318513273771538,0.0530465998172803,2.1911,2.2773,2.3124,2.3583,2.4723,0.0
133,1567.0,1004.0431287172943,6.5209806825185535,980.451,1000.04545,1004.05,1008.6706,1020.9944,0.0
134,1567.0,39.3894800893427,2.9830318233969564,33.3658,37.3689,38.9026,40.8046,64.1287,0.0
135,1567.0,117.9323548181238,57.45491224432437,58.0,92.0,109.0,127.0,994.0,0.0
136,1567.0,138.18098276962348,53.80687541993384,36.1,90.15,134.6,180.9,295.8,0.0
137,1567.0,122.67064454371412,52.137162709607175,19.2,81.4,117.7,161.6,334.7,0.0
138,1567.0,57.58781021059349,12.291095843351188,19.8,51.0,55.9001,62.9001,141.7998,0.0
139,1567.0,416.0771848755584,262.2217434747908,0.0,243.8411,339.561,494.806,1770.6909,0.0
140,1567.0,25.847023611997443,504.6569463769983,0.0319,0.1318,0.2358,0.4348,9998.8944,0.0
141,1567.0,0.0,0.0,0.0,0.0,0.0,0.0,0.0,0.0
142,1567.0,6.638155711550735,3.536522432158265,1.74,5.11,6.26,7.5,103.39,0.0
143,1567.0,0.004167900446713465,0.0012782829400742458,0.0,0.0033,0.0039,0.0049,0.0121,0.0
144,1567.0,0.119992150606254,0.06130522892999142,0.0324,0.0839,0.1075,0.13265,0.6253,0.0
145,1567.0,0.06361499680918953,0.026524236219131574,0.0214,0.048049999999999995,0.0586,0.0718,0.2507,0.0
146,1567.0,0.05500363752393108,0.021831267330318628,0.0227,0.04235,0.05,0.0615,0.2479,0.0
147,1567.0,0.01740906190172304,0.027105638281393774,0.0043,0.01,0.0159,0.0213,0.9783,0.0
148,1567.0,8.47060082961072,18.728670500118547,1.4208,6.3628,7.9173,9.58185,742.9421,0.0
149,1567.0,0.0,0.0,0.0,0.0,0.0,0.0,0.0,0.0
150,1567.0,6.812615188257817,3.2389559012302094,1.337,4.4655000000000005,5.9510000000000005,8.2695,22.318,0.0
151,1567.0,14.041556158264196,30.973118890864438,2.02,8.096,10.9935,14.341999999999999,536.564,0.0
152,1567.0,1.1953393746011485,23.341694424248235,0.1544,0.37385,0.4687,0.6775,924.378,0.0
153,1567.0,0.011924888321633697,0.009336790867359205,0.0036,0.0073,0.0111,0.0149,0.2389,0.0
154,1567.0,7.697616209317166,5.234204408656746,1.2438,5.9315999999999995,7.5127,9.05095,191.5478,0.0
155,1567.0,0.5059770261646458,1.1189366300656944,0.14,0.24,0.32,0.45,12.71,0.0
156,1567.0,0.058088576898532224,0.0791744877182338,0.0111,0.036250000000000004,0.0487,0.0667,2.2016,0.0
159,1567.0,882.3490746649649,982.4588546384892,0.0,411.5,623.0,963.5,7791.0,0.0
160,1567.0,555.1965539246969,574.456703439039,0.0,295.0,438.0,624.5,4170.0,0.0
161,1567.0,4064.996171027441,4236.854877182439,0.0,1322.5,2614.0,5033.0,37943.0,0.0
162,1567.0,4793.308870453095,6550.2670994698865,0.0,451.0,1784.0,6376.0,36871.0,0.0
163,1567.0,0.14017868538608808,0.12191320208644574,0.0,0.091,0.12,0.154,0.957,0.0
164,1567.0,0.12789278876834717,0.24238269929455275,0.0,0.0685,0.089,0.116,1.817,0.0
165,1567.0,0.2519387364390555,0.40707638279512676,0.0,0.132,0.184,0.2545,3.286,0.0
166,1567.0,2.7886407147415446,1.1190609673905905,0.8,2.1,2.6,3.2,21.1,0.0
167,1567.0,1.2357370772176133,0.6323640110327547,0.3,0.9,1.2,1.5,16.3,0.0
168,1567.0,0.12438991703892788,0.04760858906410802,0.033,0.09,0.119,0.1505,0.725,0.0
169,1567.0,0.4004684109763881,0.19779162020471885,0.046,0.2305,0.412,0.536,1.143,0.0
170,1567.0,0.684331397574984,0.1574176918367753,0.2979,0.5756,0.686,0.7973,1.153,0.0
171,1567.0,0.12005928525845565,0.060765758208266206,0.0089,0.0798,0.1125,0.1403,0.494,0.0
172,1567.0,0.32011490108487556,0.07122031793988483,0.1287,0.2766,0.3238499999999999,0.3702,0.5484,0.0
173,1567.0,0.5761928525845564,0.0957034023743202,0.2538,0.5169,0.5776,0.6345,0.8643,0.0
174,1567.0,0.3201151563497128,0.07122419688060934,0.1287,0.2765,0.3238499999999999,0.3702,0.5484,0.0
175,1567.0,0.7780373324824504,0.11628525828226811,0.4616,0.6922,0.7682,0.8439,1.172,0.0
176,1567.0,0.24471659221442243,0.07489388162496771,0.0735,0.1963,0.2429,0.29374999999999996,0.4411,0.0
177,1567.0,0.3946987874920229,0.2828229658822942,0.047,0.222,0.299,0.423,1.858,0.0
178,1567.0,0.0,0.0,0.0,0.0,0.0,0.0,0.0,0.0
179,1567.0,0.0,0.0,0.0,0.0,0.0,0.0,0.0,0.0
180,1567.0,19.01305041480536,3.3105849647877474,9.4,16.85,18.69,20.965,48.67,0.0
181,1567.0,0.5467555839183152,0.22433083035705326,0.093,0.378,0.524,0.6884999999999999,3.573,0.0
182,1567.0,10.780153158902362,4.162749420172689,3.17,7.735,10.17,13.335,55.0,0.0
183,1567.0,26.661514550095724,6.83393148922196,5.014,21.171999999999997,27.2005,31.687,72.947,0.0
184,1567.0,0.14480765794511805,0.11016295276083683,0.0297,0.1022,0.1326,0.1691,3.2283,0.0
185,1567.0,7.365338225909381,7.186442361331039,1.94,5.39,6.735,8.45,267.91,0.0
186,1567.0,0.0,0.0,0.0,0.0,0.0,0.0,0.0,0.0
187,1567.0,17.936244352265476,8.60716244846155,6.22,14.51,17.865000000000002,20.86,307.93,0.0
188,1567.0,43.20950255264837,21.70507511424165,6.613,24.714,40.209500000000006,57.6725,191.83,0.0
189,1567.0,0.0,0.0,0.0,0.0,0.0,0.0,0.0,0.0
190,1567.0,0.0,0.0,0.0,0.0,0.0,0.0,0.0,0.0
191,1567.0,0.0,0.0,0.0,0.0,0.0,0.0,0.0,0.0
192,1567.0,0.0,0.0,0.0,0.0,0.0,0.0,0.0,0.0
193,1567.0,0.0,0.0,0.0,0.0,0.0,0.0,0.0,0.0
194,1567.0,0.0,0.0,0.0,0.0,0.0,0.0,0.0,0.0
195,1567.0,0.2870127632418634,0.39468447859057776,0.08,0.2195,0.259,0.296,4.838,0.0
196,1567.0,8.679961710274409,15.686267350639007,1.75,5.045,6.78,9.51,396.11,0.0
197,1567.0,20.089942565411615,10.532021945830376,9.22,17.15,19.37,21.45,252.87,0.0
198,1567.0,0.5568481174218252,0.5367373563376633,0.09,0.296,0.424,0.7244999999999999,10.017,0.0
199,1567.0,11.520714741544351,16.415040921494395,2.77,6.745,8.57,11.425,390.12,0.0
200,1567.0,17.598560944479896,8.671307265173809,3.21,14.175,17.235,20.16,199.62,0.0
201,1567.0,7.834537332482451,5.093582572458796,0.0,5.025,6.76,9.485,126.53,0.0
202,1567.0,10.162831397574985,14.590630826382995,0.0,6.1015,8.462,11.93195,490.561,0.0
203,1567.0,30.07323407785578,17.428314156972785,7.728,24.667,30.097,33.5045,500.349,0.0
204,1567.0,32.09541212507976,564.0211079866788,0.0429,0.1143,0.1582,0.2306,9998.4483,0.0
205,1567.0,9.045105296745373,11.51923652254528,2.3,6.05,7.74,9.93,320.05,0.0
206,1567.0,0.0012763241863433313,0.05052374068382765,0.0,0.0,0.0,0.0,2.0,0.0
207,1567.0,20.373663050414805,17.464051096428143,4.01,16.365000000000002,19.72,22.365000000000002,457.65,0.0
208,1567.0,73.26425398851309,28.01332278472505,5.359,56.2205,73.248,90.45249999999999,172.349,0.0
209,1567.0,0.029451180599872367,1.1658353162793225,0.0,0.0,0.0,0.0,46.15,0.0
210,1567.0,0.08872539885130826,0.04175614537197477,0.0319,0.0659,0.0797,0.09905,0.5164,0.0
211,1567.0,0.05670051052967454,0.024816636362573793,0.0022,0.04395,0.0532,0.0641,0.3227,0.0
212,1567.0,0.051281493299298014,0.03135800491259186,0.0071,0.0326,0.0416,0.0621,0.5941,0.0
213,1567.0,0.06027957881301851,0.0526243466089282,0.0037,0.03695,0.056,0.0734,1.2837,0.0
214,1567.0,0.08314792597319719,0.056029729444137755,0.0193,0.057050000000000003,0.0754,0.09325,0.7615,0.0
215,1567.0,0.08109738353541798,0.03020319563151159,0.0059,0.0636,0.0825,0.0981,0.3429,0.0
216,1567.0,0.08350063816209316,0.02556648732574381,0.0097,0.0698,0.0846,0.0973,0.2828,0.0
217,1567.0,0.07148321633694958,0.045943645366322415,0.0079,0.0461,0.0617,0.08604999999999999,0.6744,0.0
218,1567.0,3.771375590299936,1.1700677262517136,1.034,2.9462,3.63075,4.4033999999999995,8.8015,0.0
219,1567.0,0.003252074026802808,0.0016399371462998535,0.0007,0.0023,0.003,0.0038,0.0163,0.0
221,1567.0,0.06071754945756223,0.02330522674165929,0.02,0.0402,0.0609,0.0765,0.2305,0.0
222,1567.0,0.0088211869814933,0.055936767099401666,0.0003,0.0014,0.0023,0.0055,0.9911,0.0
223,1567.0,122.84657102744097,55.15600267648893,32.2637,95.14735,119.436,144.5028,1768.8802,0.0
224,1567.0,0.05873350350989151,0.07012816706213958,0.0093,0.03005,0.0398,0.0592,1.4361,0.0
225,1567.0,1038.656079514997,426.25925688046465,168.7998,726.5,967.2998,1252.3996499999998,3601.2998,0.0
226,1567.0,0.0,0.0,0.0,0.0,0.0,0.0,0.0,0.0
227,1567.0,0.019121697511167837,0.01074925113328003,0.0062,0.01325,0.0165,0.0212,0.1541,0.0
228,1567.0,0.01784141671984684,0.01073834103139613,0.0072,0.01265,0.0155,0.02,0.2133,0.0
229,1567.0,0.0,0.0,0.0,0.0,0.0,0.0,0.0,0.0
230,1567.0,0.0,0.0,0.0,0.0,0.0,0.0,0.0,0.0
231,1567.0,0.0,0.0,0.0,0.0,0.0,0.0,0.0,0.0
232,1567.0,0.0,0.0,0.0,0.0,0.0,0.0,0.0,0.0
233,1567.0,0.0,0.0,0.0,0.0,0.0,0.0,0.0,0.0
234,1567.0,0.0,0.0,0.0,0.0,0.0,0.0,0.0,0.0
235,1567.0,0.0,0.0,0.0,0.0,0.0,0.0,0.0,0.0
236,1567.0,0.0,0.0,0.0,0.0,0.0,0.0,0.0,0.0
237,1567.0,0.0,0.0,0.0,0.0,0.0,0.0,0.0,0.0
238,1567.0,0.004791129546904914,0.001696876911282809,0.0013,0.0037,0.0046,0.0057,0.0244,0.0
239,1567.0,0.004574664964901084,0.0014404980423110701,0.0014,0.0036,0.0044,0.0053,0.0236,0.0
240,1567.0,0.0,0.0,0.0,0.0,0.0,0.0,0.0,0.0
241,1567.0,0.0,0.0,0.0,0.0,0.0,0.0,0.0,0.0
242,1567.0,0.0,0.0,0.0,0.0,0.0,0.0,0.0,0.0
243,1567.0,0.0,0.0,0.0,0.0,0.0,0.0,0.0,0.0
248,1567.0,0.025171218889597953,0.04923507178550761,0.003,0.0147,0.021,0.0273,0.9732,0.0
249,1567.0,0.0010652201659221443,0.015770787828204697,0.0,0.0,0.0,0.0,0.4138,0.0
250,1567.0,109.65096668793873,54.597273986975544,21.0107,76.13215,103.0936,131.7584,1119.7042,0.0
251,1567.0,0.004284811742182515,0.037472492069381025,0.0003,0.0007,0.001,0.0013,0.9909,0.0
252,1567.0,4.645114869176771,64.35475571189654,0.7673,2.20565,2.8646,3.79505,2549.9885,0.0
253,1567.0,0.033179195915762606,0.022254581828914592,0.0094,0.0246,0.0308,0.0377,0.4517,0.0
254,1567.0,0.01394320357370772,0.009132138563170602,0.0017,0.0047,0.015,0.0213,0.0787,0.0
255,1567.0,0.4038481174218251,0.12033416842013539,0.1269,0.3076,0.4051,0.48095,0.9255,0.0
256,1567.0,0.0,0.0,0.0,0.0,0.0,0.0,0.0,0.0
257,1567.0,0.0,0.0,0.0,0.0,0.0,0.0,0.0,0.0
258,1567.0,0.0,0.0,0.0,0.0,0.0,0.0,0.0,0.0
259,1567.0,0.0,0.0,0.0,0.0,0.0,0.0,0.0,0.0
260,1567.0,0.0,0.0,0.0,0.0,0.0,0.0,0.0,0.0
261,1567.0,0.0,0.0,0.0,0.0,0.0,0.0,0.0,0.0
262,1567.0,0.0,0.0,0.0,0.0,0.0,0.0,0.0,0.0
263,1567.0,0.0,0.0,0.0,0.0,0.0,0.0,0.0,0.0
264,1567.0,0.0,0.0,0.0,0.0,0.0,0.0,0.0,0.0
265,1567.0,0.0,0.0,0.0,0.0,0.0,0.0,0.0,0.0
266,1567.0,0.0,0.0,0.0,0.0,0.0,0.0,0.0,0.0
267,1567.0,0.0705869814932993,0.029572843528207535,0.0198,0.044,0.0706,0.0916,0.1578,0.0
268,1567.0,19.49687747287811,7.326430268764032,6.098,13.828,17.977,24.653,40.855,0.0
269,1567.0,3.7774860242501593,1.1493941690135756,1.3017,2.9624,3.7035,4.3768,10.1529,0.0
270,1567.0,29.25873726866624,8.388633687527854,15.5471,24.9823,28.7735,31.691650000000003,158.526,0.0
271,1567.0,46.05514275686024,17.83219332474865,10.4015,30.04305,45.6765,59.48415,132.6479,0.0
272,1567.0,41.29243442884493,17.69803128730745,6.9431,27.1015,40.01925,54.1665,122.1174,0.0
273,1567.0,20.175882514358648,3.8137206356583118,8.6512,18.279249999999998,19.5809,22.0891,43.5737,0.0
274,1567.0,136.06289514996809,85.25856181201186,0.0,81.2474,110.6014,161.9791,659.1696,0.0
275,1567.0,8.616245692405872,168.1944702489372,0.0111,0.0448,0.0784,0.1449,3332.5964,0.0
276,1567.0,0.0,0.0,0.0,0.0,0.0,0.0,0.0,0.0
277,1567.0,2.2096040842373963,1.1911378120686247,0.5615,1.69855,2.0831,2.5130999999999997,32.1709,0.0
278,1567.0,0.0011173580089342693,0.00033905799011701364,0.0,0.0009,0.0011,0.0013,0.0034,0.0
279,1567.0,0.04105194639438418,0.020276672382039607,0.0107,0.0283,0.0372,0.04575,0.1884,0.0
280,1567.0,0.018032099553286534,0.006478996194919898,0.0073,0.0142,0.0169,0.0207,0.0755,0.0
281,1567.0,0.01509253350350989,0.005542103021566323,0.0069,0.0119,0.0139,0.0166,0.0597,0.0
282,1567.0,0.005769240587109125,0.00854492139266546,0.0016,0.0033,0.0053,0.0071,0.3083,0.0
283,1567.0,2.803797957881302,5.860580151322261,0.505,2.2115,2.658,3.1456999999999997,232.8049,0.0
284,1567.0,0.0,0.0,0.0,0.0,0.0,0.0,0.0,0.0
285,1567.0,2.1193269623484365,0.9620594351733641,0.4611,1.44015,1.87515,2.6059,6.8698,0.0
286,1567.0,4.25829486279515,9.75455187415096,0.728,2.4676,3.36005,4.3065999999999995,207.0161,0.0
287,1567.0,0.36709167198468406,7.379271089398287,0.0513,0.11495,0.13895,0.1984,292.2274,0.0
288,1567.0,0.003923037651563497,0.002933315737144471,0.0012,0.0024,0.0036,0.0049,0.0749,0.0
289,1567.0,2.5785393107849393,1.6154442059707224,0.396,2.09295,2.5490000000000004,3.0238,59.5187,0.0
290,1567.0,0.12317089980855138,0.27013933254268996,0.0416,0.0652,0.0833,0.11755,4.4203,0.0
291,1567.0,0.019926228462029356,0.02554882126842164,0.0038,0.0125,0.0169,0.0236,0.6915,0.0
294,1567.0,401.6575800255265,476.7656342371015,0.0,185.11145,278.6719,428.5158,3933.755,0.0
295,1567.0,252.92614620293554,283.35694711621437,0.0,130.26319999999998,195.8256,273.86514999999997,2005.8744,0.0
296,1567.0,1878.364532035737,1973.9977172542167,0.0,603.2908,1202.4121,2337.9506499999998,15559.9525,0.0
297,1567.0,2340.8834834716013,3225.3215416584376,0.0,211.25455,820.0988,3188.1907499999998,18520.4683,0.0
298,1567.0,0.06379042756860243,0.06418504576520083,0.0,0.0407,0.0528,0.0692,0.5264,0.0
299,1567.0,0.06024097000638162,0.13074381824302345,0.0,0.0302,0.04,0.052,1.0312,0.0
300,1567.0,0.11834077855775367,0.2190108682494971,0.0,0.05895,0.0828,0.11535000000000001,1.8123,0.0
301,1567.0,0.9100824505424379,0.3317743827157702,0.31,0.7174,0.8604,1.0464,5.711,0.0
302,1567.0,0.40331352903637524,0.1973894697147456,0.1118,0.2958,0.3808,0.4767,5.1549,0.0
303,1567.0,0.04034186343331206,0.014501448242265326,0.0108,0.03,0.0388,0.0486,0.2258,0.0
304,1567.0,0.13208302488832163,0.06482622900562256,0.0138,0.0728,0.1372,0.1785,0.3337,0.0
305,1567.0,0.2649164007657945,0.0573691649843047,0.1171,0.225,0.2643,0.3073,0.475,0.0
306,1567.0,0.048620676451818765,0.025392030332276497,0.0034,0.0331,0.0448,0.055099999999999996,0.2246,0.0
307,1567.0,0.12892131461391193,0.027458878904828263,0.0549,0.1137,0.1295,0.1476,0.2112,0.0
308,1567.0,0.21841490108487555,0.0335824982978972,0.0913,0.1976,0.21945,0.2379,0.3239,0.0
309,1567.0,0.12892163369495852,0.027461336998927645,0.0549,0.1137,0.1295,0.1476,0.2112,0.0
310,1567.0,0.30475060625398853,0.04344599278671782,0.1809,0.2786,0.3029,0.3319,0.4438,0.0
311,1567.0,0.0973445437141034,0.028786979225958784,0.0328,0.0776,0.0977,0.1159,0.1784,0.0
312,1567.0,0.16002622846202935,0.11728232866950543,0.0224,0.0915,0.1215,0.16015000000000001,0.7549,0.0
313,1567.0,0.0,0.0,0.0,0.0,0.0,0.0,0.0,0.0
314,1567.0,0.0,0.0,0.0,0.0,0.0,0.0,0.0,0.0
315,1567.0,0.0,0.0,0.0,0.0,0.0,0.0,0.0,0.0
316,1567.0,5.976884173580089,1.0183105288714303,2.7882,5.30215,5.8315,6.5469,13.0958,0.0
317,1567.0,0.17262322910019143,0.07236961788545533,0.0283,0.11745,0.1634,0.2181,1.0034,0.0
318,1567.0,3.1885855137204855,1.2155637325825783,0.9848,2.32005,2.8989000000000003,4.0212,15.8934,0.0
319,1567.0,7.916337779195916,2.1783956825486936,1.6574,6.2478,8.3888,9.4808,20.0455,0.0
320,1567.0,0.04310283982131462,0.0318747164348972,0.0084,0.0312,0.03985,0.0502,0.9474,0.0
321,1567.0,2.2636086470963623,2.1163236793481492,0.6114,1.67035,2.07765,2.6329000000000002,79.1515,0.0
322,1567.0,0.0,0.0,0.0,0.0,0.0,0.0,0.0,0.0
323,1567.0,5.393461518825781,2.518055515613661,1.7101,4.2734000000000005,5.4588,6.34435,89.1917,0.0
324,1567.0,13.331643522654756,6.6137699234805165,2.2345,7.5788,12.5045,17.925150000000002,51.8678,0.0
325,1567.0,0.0,0.0,0.0,0.0,0.0,0.0,0.0,0.0
326,1567.0,0.0,0.0,0.0,0.0,0.0,0.0,0.0,0.0
327,1567.0,0.0,0.0,0.0,0.0,0.0,0.0,0.0,0.0
328,1567.0,0.0,0.0,0.0,0.0,0.0,0.0,0.0,0.0
329,1567.0,0.0,0.0,0.0,0.0,0.0,0.0,0.0,0.0
330,1567.0,0.0,0.0,0.0,0.0,0.0,0.0,0.0,0.0
331,1567.0,0.08323586470963625,0.06334350112171859,0.0224,0.0688,0.0848,0.0956,1.0959,0.0
332,1567.0,2.591113465220166,5.632705948734407,0.5373,1.5468,2.0627000000000004,2.7893,174.8944,0.0
333,1567.0,6.214963050414805,3.396951792501844,2.8372,5.4566,5.9801,6.5445,90.5159,0.0
334,1567.0,0.16821467772814294,0.1725678320042999,0.0282,0.0897,0.1294,0.21015,3.4125,0.0
335,1567.0,3.423427632418634,5.770747978307508,0.7899,2.0365,2.5135,3.3555,172.7119,0.0
336,1567.0,9.733425430759413,7.539353792471115,5.2151,8.29215,9.07355,10.0347,214.8628,0.0
337,1567.0,2.3262619336311423,1.69573014275497,0.0,1.5444,2.05445,2.77995,38.8995,0.0
338,1567.0,3.035450319081046,5.632481011506451,0.0,1.9028,2.5608500000000003,3.3979,196.688,0.0
339,1567.0,9.329513848117422,6.063060082763189,2.2001,7.5934,9.4742,10.43825,197.4988,0.0
340,1567.0,14.61749980855137,261.23811858590494,0.0131,0.03475,0.0464,0.0668,5043.8789,0.0
341,1567.0,2.730735162731334,3.660934210833195,0.5741,1.91425,2.3773,2.9844,97.7089,0.0
342,1567.0,0.00028538608806636886,0.011297108416903866,0.0,0.0,0.0,0.0,0.4472,0.0
343,1567.0,6.197769623484365,5.361537586646488,1.2565,5.0077,6.0056,6.88105,156.336,0.0
344,1567.0,23.217136885768983,8.878164071023367,2.056,17.941049999999997,23.2147,28.852649999999997,59.3241,0.0
347,1567.0,0.008879834077855775,0.35151134724662847,0.0,0.0,0.0,0.0,13.9147,0.0
348,1567.0,0.024673452456924063,0.01177407198682067,0.0103,0.0182,0.0226,0.0273,0.22,0.0
349,1567.0,0.02523305679642629,0.01052276761841571,0.001,0.0197,0.024,0.0285,0.1339,0.0
350,1567.0,0.02313465220165922,0.014225738199527216,0.0029,0.0146,0.0188,0.0281,0.2914,0.0
351,1567.0,0.027549266113592857,0.02437558496080398,0.002,0.0166,0.0253,0.0336,0.6188,0.0
352,1567.0,0.023334971282705806,0.013057005468694559,0.0056,0.0161,0.022,0.0268,0.1429,0.0
353,1567.0,0.0403576260370134,0.015381582142323933,0.0026,0.0305,0.0421,0.0501,0.1535,0.0
354,1567.0,0.04195590299936184,0.012970396662768766,0.004,0.0353,0.0442,0.0499,0.1344,0.0
355,1567.0,0.0344643267389917,0.022144114299867873,0.0038,0.0214,0.0294,0.0419,0.2789,0.0
356,1567.0,1.2986009572431398,0.38679559741769814,0.3796,1.0256500000000002,1.2553,1.53325,2.8348,0.0
357,1567.0,0.000998085513720485,0.0004990759382818193,0.0003,0.0007,0.0009,0.0011,0.0052,0.0
359,1567.0,0.019839948947032546,0.00713635750679749,0.0076,0.0138,0.0196,0.025,0.0888,0.0
360,1567.0,0.0029448627951499684,0.020002568739022588,0.0001,0.0004,0.0007,0.0018,0.409,0.0
361,1567.0,39.93640625398851,17.056304026488174,10.7204,32.1687,39.6961,47.0792,547.1722,0.0
362,1567.0,0.0181914486279515,0.021314291451007755,0.0028,0.0095,0.0125,0.0183,0.4163,0.0
363,1567.0,332.5551558710913,136.58668013695953,60.9882,230.0731,309.83165,409.11654999999996,1072.2031,0.0
364,1567.0,0.0,0.0,0.0,0.0,0.0,0.0,0.0,0.0
365,1567.0,0.005197766432673899,0.002654399728727511,0.0017,0.0038,0.0046,0.0058,0.0368,0.0
366,1567.0,0.004813337587747288,0.0023809980044243737,0.002,0.00355,0.0043,0.0054,0.0392,0.0
367,1567.0,0.0037710912571793237,0.0026941377675080095,0.0,0.0026,0.0032,0.0042,0.0357,0.0
368,1567.0,0.003170197830248883,0.002102768083611775,0.0,0.0022,0.0028,0.0036,0.0334,0.0
369,1567.0,0.0,0.0,0.0,0.0,0.0,0.0,0.0,0.0
370,1567.0,0.0,0.0,0.0,0.0,0.0,0.0,0.0,0.0
371,1567.0,0.0,0.0,0.0,0.0,0.0,0.0,0.0,0.0
372,1567.0,0.0,0.0,0.0,0.0,0.0,0.0,0.0,0.0
373,1567.0,0.0,0.0,0.0,0.0,0.0,0.0,0.0,0.0
374,1567.0,0.0,0.0,0.0,0.0,0.0,0.0,0.0,0.0
375,1567.0,0.0,0.0,0.0,0.0,0.0,0.0,0.0,0.0
376,1567.0,0.001600829610721123,0.0005340087446883393,0.0004,0.0013,0.0016,0.0019,0.0082,0.0
377,1567.0,0.0015706445437141032,0.0004662488886724358,0.0004,0.0013,0.0015,0.0018,0.0077,0.0
378,1567.0,0.0,0.0,0.0,0.0,0.0,0.0,0.0,0.0
379,1567.0,0.0,0.0,0.0,0.0,0.0,0.0,0.0,0.0
380,1567.0,0.0,0.0,0.0,0.0,0.0,0.0,0.0,0.0
381,1567.0,0.0,0.0,0.0,0.0,0.0,0.0,0.0,0.0
386,1567.0,0.008280791320995533,0.015488133549750038,0.0008,0.0048,0.0068,0.0093,0.3068,0.0
387,1567.0,0.00033924696873005746,0.0049893344938820305,0.0,0.0,0.0,0.0,0.1309,0.0
388,1567.0,35.1550911295469,17.227003219757325,6.3101,24.38655,32.5307,42.65245,348.8293,0.0
389,1567.0,0.0013383535417996171,0.011816004389790637,0.0001,0.0002,0.0003,0.0004,0.3127,0.0
390,1567.0,1.4318675175494575,20.3264151271033,0.3046,0.67515,0.8773,1.1482,805.3936,0.0
391,1567.0,0.01094441608168475,0.006686523523711793,0.0031,0.00835,0.0102,0.0124,0.1375,0.0
392,1567.0,0.004532801531589024,0.0029555534671379773,0.0005,0.0015,0.0049,0.0069,0.0229,0.0
393,1567.0,0.13398953414167197,0.03840849260500818,0.0342,0.1044,0.1339,0.1604,0.2994,0.0
394,1567.0,0.0,0.0,0.0,0.0,0.0,0.0,0.0,0.0
395,1567.0,0.0,0.0,0.0,0.0,0.0,0.0,0.0,0.0
396,1567.0,0.0,0.0,0.0,0.0,0.0,0.0,0.0,0.0
397,1567.0,0.0,0.0,0.0,0.0,0.0,0.0,0.0,0.0
398,1567.0,0.0,0.0,0.0,0.0,0.0,0.0,0.0,0.0
399,1567.0,0.0,0.0,0.0,0.0,0.0,0.0,0.0,0.0
400,1567.0,0.0,0.0,0.0,0.0,0.0,0.0,0.0,0.0
401,1567.0,0.0,0.0,0.0,0.0,0.0,0.0,0.0,0.0
402,1567.0,0.0,0.0,0.0,0.0,0.0,0.0,0.0,0.0
403,1567.0,0.0,0.0,0.0,0.0,0.0,0.0,0.0,0.0
404,1567.0,0.0,0.0,0.0,0.0,0.0,0.0,0.0,0.0
405,1567.0,0.024205934907466496,0.010700854419920037,0.0062,0.014100000000000001,0.0239,0.0323,0.0514,0.0
406,1567.0,6.726477026164646,2.8229379312674583,2.0545,4.5598,5.9201,8.563,14.7277,0.0
407,1567.0,1.2320366305041481,0.36377878152595916,0.424,0.9665,1.2397,1.4167,3.3128,0.0
408,1567.0,5.339596585832802,2.5741068748476783,2.7378,4.1278,4.92245,5.7871,44.31,0.0
409,1567.0,4.5800828972559025,1.773444925575526,1.2163,3.019,4.4897,5.92995,9.5765,0.0
410,1567.0,4.92846589023612,2.1182683798812074,0.7342,3.26945,4.732749999999999,6.4538,13.8071,0.0
411,1567.0,2.6154789406509256,0.5490408483391576,0.9609,2.3253,2.5481,2.8484499999999997,6.215,0.0
412,1567.0,30.86883911933631,18.336590107997313,0.0,18.4703,26.1569,38.0269,128.2816,0.0
413,1567.0,25.56482354818124,47.09921972993011,4.0416,11.47455,20.2551,29.3073,899.119,0.0
414,1567.0,0.0,0.0,0.0,0.0,0.0,0.0,0.0,0.0
415,1567.0,6.626559604339502,3.9408695568744037,1.534,4.9288,6.1766,7.5453,116.8615,0.0
416,1567.0,3.4033701340140396,1.0325337867191797,0.0,2.66785,3.234,4.0107,9.69,0.0
417,1567.0,8.189890427568601,4.052024814309896,2.1531,5.76715,7.3956,9.16785,39.0376,0.0
418,1567.0,320.236157306956,287.52142958047983,0.0,0.0,302.1776,523.62445,999.316,0.0
419,1567.0,309.01456955966813,325.2431319428225,0.0,0.0,272.4487,582.8031000000001,998.6813,0.0
420,1567.0,1.8210365028717292,3.0557455794084194,0.4411,1.03095,1.6451,2.2146,111.4956,0.0
421,1567.0,4.1742281429483095,6.909443781247903,0.7217,3.18485,3.9431,4.7832,273.0952,0.0
422,1567.0,0.0,0.0,0.0,0.0,0.0,0.0,0.0,0.0
423,1567.0,77.64559907466496,32.567460253487596,23.02,56.0082,69.90545,92.83275,424.2152,0.0
424,1567.0,3.314227249521378,6.319367008789673,0.4866,1.9654500000000001,2.6671,3.4692,103.1809,0.0
425,1567.0,6.79242239948947,23.235597284581832,1.4666,3.76715,4.7644,6.87385,898.6085,0.0
426,1567.0,1.2336689215060623,0.9946752883514347,0.3632,0.7442,1.1353,1.53885,24.9904,0.0
427,1567.0,4.0582767389917045,3.039233476760898,0.6637,3.11395,3.94145,4.76795,113.223,0.0
428,1567.0,4.209983918315252,10.5995785430972,1.1198,1.9365,2.5341,3.609,118.7533,0.0
429,1567.0,4.171843650287173,6.435390493557366,0.7837,2.5713999999999997,3.4538,4.7558,186.6164,0.0
430,1567.0,18.41226247606892,36.03799745235503,0.0,7.0062,11.1056,17.402050000000003,400.0,0.0
431,1567.0,22.350675941289087,36.372785563278796,0.0,11.06905,16.381,21.739649999999997,400.0,0.0
432,1567.0,99.31479495851947,126.11677582454222,0.0,31.03385,57.9693,120.1369,994.2857,0.0
433,1567.0,205.44986764518188,225.6430142778211,0.0,10.047450000000001,151.1156,304.54179999999997,995.7447,0.0
434,1567.0,14.728155775366941,34.087451224933766,0.0,7.55115,10.1977,12.7528,400.0,0.0
435,1567.0,9.364514231014676,34.34826559298189,0.0,3.495,4.5511,5.822150000000001,400.0,0.0
436,1567.0,7.5072051052967455,34.53614574560762,0.0,1.9517,2.7643,3.82125,400.0,0.0
437,1567.0,4.016484428844926,1.6102664704163616,1.1568,3.0717,3.7809,4.67825,32.274,0.0
438,1567.0,54.69389151244417,34.08685293197965,0.0,36.3437,49.0909,66.6667,851.6129,0.0
439,1567.0,70.63729731971922,38.35211478386833,14.1206,48.177350000000004,65.4378,84.9445,657.7621,0.0
440,1567.0,11.527330376515634,6.165562230477358,1.0973,5.41835,12.0859,15.79585,33.058,0.0
441,1567.0,0.802084492661136,0.18415393814159886,0.3512,0.6796,0.8076,0.9276,1.2771,0.0
442,1567.0,1.3452071793235483,0.6589872075687758,0.0974,0.9088,1.2645499999999998,1.57755,5.1317,0.0
443,1567.0,0.6339471601786855,0.14350640941552095,0.2169,0.5505,0.6435,0.73325,1.0851,0.0
444,1567.0,0.8950476707083598,0.15547216406434097,0.3336,0.8048,0.9027,0.9888,1.3511,0.0
445,1567.0,0.6470924696873005,0.14120710718933566,0.3086,0.5558,0.6511,0.7484,1.1087,0.0
446,1567.0,1.1749960433950222,0.17610218224727808,0.6968,1.0468,1.1638,1.2723,1.7639,0.0
447,1567.0,0.2818939374601149,0.08643317128625384,0.0846,0.2261,0.2797,0.33865,0.5085,0.0
448,1567.0,0.33221837906828333,0.23620875485233545,0.0399,0.1877,0.2512,0.3511,1.4754,0.0
449,1567.0,0.0,0.0,0.0,0.0,0.0,0.0,0.0,0.0
450,1567.0,0.0,0.0,0.0,0.0,0.0,0.0,0.0,0.0
451,1567.0,0.0,0.0,0.0,0.0,0.0,0.0,0.0,0.0
452,1567.0,5.346767485641353,0.9189048182677528,2.6709,4.7654,5.27145,5.9129000000000005,13.9776,0.0
453,1567.0,5.460822016592215,2.2500934224354716,0.9037,3.7487500000000002,5.2271,6.89875,34.4902,0.0
454,1567.0,7.8834487555839186,3.05870530487424,2.3294,5.8081499999999995,7.4249,9.57675,42.0703,0.0
455,1567.0,3.636689534141672,0.9380750914005938,0.6948,2.89975,3.7245,4.34175,10.184,0.0
456,1567.0,12.325063305679642,8.123318319461427,3.0489,8.817150000000002,11.3509,14.3874,232.1258,0.0
457,1567.0,5.263365571155073,4.536303026861923,1.4428,3.82865,4.79335,6.0893999999999995,164.1093,0.0
458,1567.0,0.0,0.0,0.0,0.0,0.0,0.0,0.0,0.0
459,1567.0,2.8383750159540524,1.3451466026001886,0.991,2.29135,2.83035,3.30895,47.7772,0.0
460,1567.0,29.195480248883218,13.331150172799516,7.9534,20.2241,26.16785,35.2684,149.3851,0.0
461,1567.0,0.0,0.0,0.0,0.0,0.0,0.0,0.0,0.0
462,1567.0,0.0,0.0,0.0,0.0,0.0,0.0,0.0,0.0
463,1567.0,0.0,0.0,0.0,0.0,0.0,0.0,0.0,0.0
464,1567.0,0.0,0.0,0.0,0.0,0.0,0.0,0.0,0.0
465,1567.0,0.0,0.0,0.0,0.0,0.0,0.0,0.0,0.0
466,1567.0,0.0,0.0,0.0,0.0,0.0,0.0,0.0,0.0
467,1567.0,6.250540970006381,8.662693290518837,1.7163,4.6975,5.645,6.3869,109.0074,0.0
468,1567.0,223.84322552648374,230.30324696919496,0.0,38.88265,150.3401,334.674,999.877,0.0
469,1567.0,5.6615656030631785,3.1456630553104925,2.6009,4.8485,5.4724,6.0032,77.8007,0.0
470,1567.0,5.3627486279515,4.9744658864520765,0.8325,2.824,4.0611,6.99115,87.1347,0.0
471,1567.0,9.630209189534142,10.15555297570772,2.4026,5.8216,7.396,9.707899999999999,212.6557,0.0
472,1567.0,137.89004400127632,47.59132341093635,11.4997,105.62215,138.25515,168.27024999999998,492.7718,0.0
473,1567.0,39.4037068602425,22.409520591700794,0.0,24.93335,34.24675,47.69015,358.9504,0.0
474,1567.0,37.6155315571155,24.76946109485815,0.0,23.18545,32.820049999999995,45.16035,415.4355,0.0
475,1567.0,4.262625526483727,2.6061670629169758,1.1011,3.4968500000000002,4.2762,4.7410499999999995,79.1162,0.0
476,1567.0,20.116232418634333,14.913155301579373,0.0,11.58535,15.9738,23.6824,274.8871,0.0
477,1567.0,6.254032291001914,10.165689523306167,1.6872,4.1114999999999995,5.2422,6.69975,289.8264,0.0
478,1567.0,0.1276324186343331,5.052374068382763,0.0,0.0,0.0,0.0,200.0,0.0
479,1567.0,3.2830155711550733,2.6335557504135805,0.6459,2.6299,3.1845,3.62455,63.3336,0.0
480,1567.0,75.51858927887683,35.68532919107786,8.8406,52.971050000000005,70.4345,92.91165000000001,221.9747,0.0
481,1567.0,0.0,0.0,0.0,0.0,0.0,0.0,0.0,0.0
482,1567.0,318.0370835992342,278.8664422346489,0.0,0.0,293.5185,512.39075,999.4135,0.0
483,1567.0,205.6720959795788,191.51453271536226,0.0,82.41015,148.3175,260.079,989.4737,0.0
484,1567.0,214.11707645181878,211.69594581715694,0.0,77.0118,138.7755,288.91845,996.8586,0.0
485,1567.0,199.76150510529675,217.27782415934252,0.0,51.1885,112.9534,283.289,994.0,0.0
486,1567.0,301.70088851308236,285.226688713372,0.0,0.0,249.927,497.3845,999.4911,0.0
487,1567.0,237.50745386088062,262.27384564727936,0.0,57.316900000000004,112.2755,391.27750000000003,995.7447,0.0
488,1567.0,352.5538797064454,250.10542842353047,0.0,145.15685000000002,348.5294,507.49705,997.5186,0.0
489,1567.0,271.3628278876835,226.38499582607028,0.0,113.80665,219.4872,372.3419,994.0035,0.0
490,1567.0,51.35226052967453,18.04298688783217,13.7225,38.393699999999995,48.55745,61.48995,142.8436,0.0
491,1567.0,2.4412037651563496,1.2196978571245392,0.5558,1.7471,2.2508,2.83,12.7698,0.0
493,1567.0,2.5300463943841733,0.9739482901380285,0.833,1.6637499999999998,2.5291,3.1991,9.4024,0.0
494,1567.0,0.9564419910657307,6.615200266560572,0.0342,0.139,0.2325,0.563,127.5728,0.0
495,1567.0,6.807825717932355,3.2600194416023847,1.772,5.2746,6.6079,7.8972,107.6926,0.0
496,1567.0,29.611163433312058,24.25715811319234,4.8135,16.48655,22.0391,31.9615,219.6436,0.0
497,1567.0,11.791267038927888,4.877968755685752,1.9496,8.2725,10.90655,14.337299999999999,40.2818,0.0
498,1567.0,0.0,0.0,0.0,0.0,0.0,0.0,0.0,0.0
499,1567.0,262.8599410976388,324.6999745180161,0.0,0.0,0.0,536.1226,1000.0,0.0
500,1567.0,240.67380650925338,322.91179747155155,0.0,0.0,0.0,505.22575,999.2337,0.0
501,1567.0,0.0,0.0,0.0,0.0,0.0,0.0,0.0,0.0
502,1567.0,0.0,0.0,0.0,0.0,0.0,0.0,0.0,0.0
503,1567.0,0.0,0.0,0.0,0.0,0.0,0.0,0.0,0.0
504,1567.0,0.0,0.0,0.0,0.0,0.0,0.0,0.0,0.0
505,1567.0,0.0,0.0,0.0,0.0,0.0,0.0,0.0,0.0
506,1567.0,0.0,0.0,0.0,0.0,0.0,0.0,0.0,0.0
507,1567.0,0.0,0.0,0.0,0.0,0.0,0.0,0.0,0.0
508,1567.0,0.0,0.0,0.0,0.0,0.0,0.0,0.0,0.0
509,1567.0,0.0,0.0,0.0,0.0,0.0,0.0,0.0,0.0
510,1567.0,55.75230561582642,37.66896351366365,0.0,35.3244,46.9861,64.22845000000001,451.4851,0.0
511,1567.0,275.6272174856414,329.601505267948,0.0,0.0,0.0,554.0107,1000.0,0.0
512,1567.0,0.0,0.0,0.0,0.0,0.0,0.0,0.0,0.0
513,1567.0,0.0,0.0,0.0,0.0,0.0,0.0,0.0,0.0
514,1567.0,0.0,0.0,0.0,0.0,0.0,0.0,0.0,0.0
515,1567.0,0.0,0.0,0.0,0.0,0.0,0.0,0.0,0.0
520,1567.0,2.6959992980216976,5.702366390511981,0.3121,1.5521500000000001,2.221,2.9036999999999997,111.7365,0.0
521,1567.0,11.610079706445436,103.12299573442073,0.0,0.0,0.0,0.0,1000.0,0.0
522,1567.0,14.728865922144223,7.10443490065628,2.6811,10.1828,13.7426,17.808950000000003,137.9838,0.0
523,1567.0,0.4538964262922782,4.1475806334485945,0.0258,0.07305,0.1,0.13319999999999999,111.333,0.0
524,1567.0,5.687781620931717,20.663414187041248,1.3104,3.76965,4.8771,6.4506499999999996,818.0005,0.0
525,1567.0,5.553869751116784,3.8905649191629066,1.54,4.117100000000001,5.1342,6.30185,80.0406,0.0
526,1567.0,1.4434574984045947,0.9584275329713078,0.1705,0.4842,1.5501,2.2116499999999997,8.2037,0.0
527,1567.0,6.395717038927887,1.8886975959742711,2.17,4.89545,6.4108,7.594250000000001,14.4479,0.0
528,1567.0,0.0,0.0,0.0,0.0,0.0,0.0,0.0,0.0
529,1567.0,0.0,0.0,0.0,0.0,0.0,0.0,0.0,0.0
530,1567.0,0.0,0.0,0.0,0.0,0.0,0.0,0.0,0.0
531,1567.0,0.0,0.0,0.0,0.0,0.0,0.0,0.0,0.0
532,1567.0,0.0,0.0,0.0,0.0,0.0,0.0,0.0,0.0
533,1567.0,0.0,0.0,0.0,0.0,0.0,0.0,0.0,0.0
534,1567.0,0.0,0.0,0.0,0.0,0.0,0.0,0.0,0.0
535,1567.0,0.0,0.0,0.0,0.0,0.0,0.0,0.0,0.0
536,1567.0,0.0,0.0,0.0,0.0,0.0,0.0,0.0,0.0
537,1567.0,0.0,0.0,0.0,0.0,0.0,0.0,0.0,0.0
538,1567.0,0.0,0.0,0.0,0.0,0.0,0.0,0.0,0.0
539,1567.0,3.034339885130823,1.2497095120186419,0.8516,1.8899,3.0548,3.9418,6.5803,0.0
540,1567.0,1.9420248883216336,0.7301425387570059,0.6144,1.3906,1.7855,2.4545,4.0825,0.0
541,1567.0,9.61085041480536,2.888988587604419,3.2761,7.5042,9.4593,11.200849999999999,25.7792,0.0
542,1567.0,0.11120638162093172,0.002735614432674987,0.1053,0.1096,0.1096,0.1134,0.1184,0.0
543,1567.0,0.008470006381620931,0.0015327523261916254,0.0051,0.0078,0.0078,0.009,0.024,0.0
544,1567.0,0.0025093171665603064,0.0002953491876341553,0.0016,0.0024,0.0026,0.0026,0.0047,0.0
545,1567.0,7.6107708359923425,1.314822973117212,4.4294,7.116,7.116,8.00895,21.0443,0.0
546,1567.0,1.018304275686024,0.3585078322880092,0.4444,0.8141,0.9111,1.2165,3.9786,0.0
547,1567.0,403.4760472239949,4.6271432473211265,372.822,400.814,403.122,406.76300000000003,421.702,0.0
548,1567.0,75.41508104658584,3.15273380738394,71.038,73.254,74.084,76.96000000000001,83.72,0.0
549,1567.0,0.6313568602425016,0.6190612721175968,0.0446,0.28959999999999997,0.471,0.7734,7.0656,0.0
550,1567.0,16.90159540523293,4.542839819060227,6.11,14.82,16.34,18.405,131.68,0.0
551,1567.0,1.2173197192086789,1.2433632095114908,0.12,0.91,1.15,1.33,39.33,0.0
552,1567.0,0.2636153158902361,0.2539576531613994,0.0187,0.1167,0.1979,0.32175,2.7182,0.0
553,1567.0,7.658083407785578,2.0050025789578076,2.786,6.7381,7.4279,8.31665,56.9303,0.0
554,1567.0,0.49954964901084875,0.5469615904393149,0.052,0.375,0.4789,0.53355,17.4781,0.0
555,1567.0,57.19819151244416,32.17577467291911,4.8269,34.1471,54.4417,69.63065,303.55,0.0
556,1567.0,4.1920486279514995,1.1702586193181719,1.4967,3.6541,4.0671,4.56495,35.3198,0.0
557,1567.0,1.6075944479897895,1.708470984220072,0.1646,1.2242000000000002,1.5298,1.8156,54.2917,0.0
558,1567.0,0.9949947032546267,0.08383465202392475,0.8919,0.9552,0.9727,1.0008,1.5121,0.0
559,1567.0,0.3256859604339502,0.2013294784892845,0.0699,0.14995,0.2909,0.4436,1.0737,0.0
560,1567.0,0.0724349712827058,0.05156244006814866,0.0177,0.0362,0.0592,0.089,0.4457,0.0
561,1567.0,32.28332619655392,19.020115126899945,7.2369,15.7669,29.73115,44.1134,101.1146,0.0
562,1567.0,262.99838289725585,6.958289337886548,242.286,262.101,264.272,264.733,311.404,0.0
563,1567.0,0.6746509891512443,0.11116930088145639,0.3049,0.5671,0.651,0.7382500000000001,1.2988,0.0
564,1567.0,6.22111678366305,2.4422028226251355,0.97,4.98,5.16,7.31,32.58,0.0
565,1567.0,0.1410694639438417,0.07437314120303931,0.0224,0.0877,0.1195499999999999,0.16685,0.6892,0.0
566,1567.0,2.530656126356094,0.9545541732749349,0.4122,2.0902,2.15045,2.9091500000000003,14.0141,0.0
567,1567.0,0.05809396936821953,0.030083283986656016,0.0091,0.0382,0.04865,0.0681,0.2932,0.0
568,1567.0,2.3735453733248244,0.921760693957288,0.3706,1.8844,1.9997,2.80775,12.7462,0.0
569,1567.0,20.398270421186982,9.411774840995378,3.2504,15.4662,16.98835,23.0352,84.8024,0.0
570,1567.0,530.5236234205488,17.49973601796463,317.1964,530.7027,532.3982,534.3564,589.5082,0.0
571,1567.0,2.1018363114231016,0.27511184455412296,0.9802,1.9829,2.1186,2.2906500000000003,2.7395,0.0
572,1567.0,28.45016502871729,86.30468130478187,3.54,7.5,8.65,10.13,454.56,0.0
573,1567.0,0.3456364390555201,0.24847812360739024,0.0667,0.24225,0.2934,0.3669,2.1967,0.0
574,1567.0,9.16231499680919,26.920150379391046,1.0395,2.56785,2.9758,3.4925,170.0204,0.0
575,1567.0,0.10472916400765793,0.0677911184842199,0.023,0.0751,0.0895,0.11215,0.5502,0.0
576,1567.0,5.563746522016592,16.921368702380114,0.6636,1.40845,1.6245,1.902,90.4235,0.0
577,1567.0,16.642362858966177,12.485266987951567,4.582,11.50155,13.8179,17.0809,96.9601,0.0
582,1567.0,0.5000962348436503,0.003403238989987944,0.4778,0.4979,0.5002,0.50235,0.5098,0.0
583,1567.0,0.015316783663050412,0.017174477421628934,0.006,0.0116,0.0138,0.0165,0.4766,0.0
584,1567.0,0.0038463943841735805,0.0037192620294348067,0.0017,0.0031,0.0036,0.0041,0.1045,0.0
585,1567.0,3.067628430121251,3.5768991392980776,1.1975,2.3065,2.75765,3.29495,99.3032,0.0
586,1567.0,0.02145781748564135,0.012354253297708208,-0.0169,0.01345,0.0205,0.0276,0.1028,0.0
587,1567.0,0.016473835354179962,0.008804824494938418,0.0032,0.0106,0.0148,0.0203,0.0799,0.0
588,1567.0,0.005282897255903,0.002866207934255137,0.001,0.0033,0.0046,0.0064,0.0286,0.0
589,1567.0,99.65234486279516,93.86455782866551,0.0,44.3686,71.9005,114.7497,737.3048,0.0
